Station,Served by,Chainage (km),Lat,Long
Helensburgh,SCO,46.38,-34.17714736,150.9940859
Cowan,CCN,48.81,-33.5937893,151.1715651
Otford,SCO,52.639,-34.21072283,151.0055213
Stanwell Park,SCO,55.95,-34.22618328,150.9812344
Hawkesbury River,CCN,57.4,-33.54710145,151.2265988
Coalcliff,SCO,59.27,-34.24253571,150.977052
Scarborough,SCO,62.53,-34.26551615,150.9651941
Menangle Park,SHL,62.85,-34.10338507,150.7449509
Lapstone,BMT,63.62,-33.77355931,150.6426108
Menangle,SHL,65.33,-34.12585573,150.7440669
Coledale,SCO,66.23,-34.28989285,150.943031
Austinmer,SCO,68.59,-34.30650136,150.9289071
Blaxland,BMT,71.48,-33.74369934,150.6099627
Bulli,SCO,72.15,-34.33428666,150.9149143
Douglas Park,SHL,73.32,-34.18330344,150.7105388
Koolewong,CCN,74.82,-33.46613312,151.3184763
Bellambi,SCO,75.55,-34.36261281,150.9101311
Corrimal,SCO,76.99,-34.37549456,150.9051489
Point Clare,CCN,78.05,-33.44630072,151.3285267
Fairy Meadow,SCO,79.36,-34.39505996,150.8964522
Springwood,BMT,79.67,-33.69918984,150.5636973
Gosford,North Coast RegionNorth Western RegionCCN,80.91,-33.42348165,151.341911
North Wollongong,SCO,81.32,-34.41208744,150.8913264
Faulconbridge,BMT,82.96,-33.69678014,150.5349261
Coniston,SCO,84.1,-34.43796566,150.884845
Narara,CCN,84.6,-33.39459444,151.3444334
Picton,SHL,85.25,-34.17968277,150.6127042
Niagara Park,CCN,86.19,-33.38322824,151.3545729
Lysaghts,SCO,86.27,-34.4548118,150.8752141
Linden,BMT,86.81,-33.71474436,150.5043663
Cringila,SCO,87.65,-34.46737362,150.8782723
Lisarow,CCN,87.73,-33.38218451,151.3701793
Port Kembla North,SCO,88.77,-34.47312925,150.8870415
Port Kembla,SCO,90.24,-34.47718852,150.9028567
Ourimbah,CCN,90.61,-33.35937321,151.3697352
Kembla Grange,SCO,91.59,-34.47012644,150.8177961
Hazelbrook,BMT,93.47,-33.72367342,150.4539673
Dapto,SCO,95.05,-34.49307785,150.7918339
Lawson,BMT,96.04,-33.71943599,150.4294992
Bullaburra,BMT,97.69,-33.72351988,150.4152013
Bargo,SHL,102.87,-34.29097858,150.5801756
Albion Park,SCO,103.34,-34.56340933,150.79939
Oak Flats,SCO,105.13,-34.57173048,150.8202085
Leura,BMT,107.59,-33.71212061,150.3311289
Katoomba,Western RegionBMT,109.94,-33.71194806,150.3121686
Shellharbour Junction,SCO,110.66,-34.59128718,150.8446519
Minnamurra,SCO,113.37,-34.62633044,150.8530098
Medlow Bath,BMT,115.8,-33.67295305,150.2803919
Bombo,SCO,117.55,-34.65868669,150.8537686
Kiama,SCO,119.16,-34.67259919,150.8543663
Blackheath,BMT,120.67,-33.63400546,150.2842535
Morisset,CCN,123.33,-33.10903664,151.4882907
Mount Victoria,BMT,126.72,-33.58817529,150.256825
Dora Creek,CCN,127.23,-33.08402158,151.500698
Gerringong,SCO,128.56,-34.74477882,150.8176504
Mittagong,Southern RegionSHL,131.57,-34.45240354,150.4483624
Bowral,"Southern Region
SHL",136.34,-34.47837068,150.4165765
Bell,BMT,137.12,-33.5061656,150.2793612
Awaba,CCN,137.31,-33.0129167,151.5421589
Burradoo,SHL,138.84,-34.49418601,150.3981296
Berry,SCO,140.84,-34.78027342,150.6967235
Fassifern,North Coast RegionNorth Western RegionCCN,142.31,-32.98557663,151.5808417
Moss Vale,Southern RegionSHL,145.71,-34.54838916,150.372103
Booragul,CCN,146.39,-32.97169903,151.605168
Cockle Creek,CCN,150.63,-32.94287548,151.6238126
Bomaderry,SCO,153.35,-34.85374494,150.6097702
Cardiff,CCN,155.08,-32.9412794,151.6628198
Lithgow,BMT,155.78,-33.48051667,150.1567066
Exeter,SHL,155.88,-34.61346677,150.3177998
Kotara,CCN,158.92,-32.94136917,151.6974634
Adamstown,CCN,161.12,-32.9337056,151.7204518
Bundanoon,Southern RegionSHL,162.26,-34.65604988,150.2995728
Broadmeadow,"North Coast Region North Western Region
CCN",162.94,-32.92236891,151.7349462
Hamilton,CCNHUN,164.63,-32.91802537,151.7485113
Newcastle Interchange,CCNHUN,165.6,-32.9239171,151.7593884
Sandgate,HUN,170.51,-32.87279417,151.7028016
Penrose,SHL,171.4,-34.67230549,150.2122744
Hexham,HUN,175.53,-32.8287522,151.68432
Beresfield,HUN,179.81,-32.79947121,151.6581617
Rydal,Western RegionBMT,181.4,-33.81015641,151.0294797
Metford,HUN,185.12,-32.76536099,151.6181329
East Maitland,HUN,189.097,-32.74457268,151.5874741
High Street,HUN,191.41,-32.7413273,151.5644242
Maitland,North Coast RegionNorth Western RegionHUN,192.55,-32.73774765,151.552236
Marulan,SHL,192.91,-34.70959939,150.0056691
Wyong,CCN,101.08,-33.2853325,151.4255494
Wentworth Falls,BMT,102.61,-33.70952535,150.3761198
Warnervale,CCN,105.9,-33.2473843,151.4491366
Wyee,CCN,114.86,-33.17984054,151.48724
Yerrinbool,SHL,116.31,-34.37159251,150.5434481
Teralba,CCN,147.57,-32.962727,151.6039263
Zig Zag,BMT,150.94,-33.4705,150.2005
Waratah,HUN,165.97,-32.902354,151.7310238
Warabrook,HUN,168.69,-32.88848678,151.709521
Wingello,SHL,177.14,-34.69233579,150.1583818
Tarro,HUN,178.18,-32.80889516,151.6693728
Thornton,HUN,182.19,-32.78356119,151.6399551
Tallong,SHL,185.38,-34.71837568,150.0860928
Victoria Street,HUN,187.92,-32.75096544,151.5941378
Telarah,HUN,194.74,-32.72323179,151.5398951
Wallarobba,HUN,231.7,-32.49615032,151.6956921
Wirragulla,HUN,238,-32.46292679,151.7424687
Wombarra,SCO,64.34,-34.27530416,150.9535083
Wondabyne,CCN,65.15,-33.49202131,151.2571482
Glenbrook,BMT,67.09,-33.76902646,150.6212638
Thirroul,SCO,70.24,-34.31788392,150.918865
Woy Woy,CCN,72.62,-33.48527377,151.3237255
Woonona,SCO,73.99,-34.34939351,150.9153897
Warrimoo,BMT,74.3,-33.72132609,150.6029511
Tascott,CCN,76.91,-33.45094989,151.3183448
Valley Heights,BMT,77.41,-33.70414867,150.5836892
Towradgi,SCO,78.02,-34.38412652,150.9013586
Wollongong,SCO,82.92,-34.42698795,150.8884363
Unanderra,SCO,88.27,-34.45480327,150.8454954
Woodford,BMT,90.37,-33.7357511,150.4821963
Tahmoor,SHL,94.49,-34.22358755,150.5902412
Tuggerah,CCN,98.54,-33.3077456,151.4204201
